{
  "qwen3_4b": {
    "n_seeds": 20,
    "seeds": [
      1000,
      1001,
      1002,
      1003,
      1004,
      1005,
      1006,
      1007,
      1008,
      1009,
      1010,
      1011,
      1012,
      1013,
      1014,
      1015,
      1016,
      1017,
      1018,
      1019
    ],
    "per_bench": {
      "mmlu": {
        "delta_pp": {
          "n": 20,
          "mean": 0.05000000000000171,
          "std": 0.25980762113532896,
          "median": 0.0,
          "q05": -0.39999999999998925,
          "q25": -0.050000000000000044,
          "q75": 0.20000000000000018,
          "q95": 0.40000000000000036,
          "min": -0.39999999999998925,
          "max": 0.40000000000000036,
          "iqr": 0.2500000000000002
        },
        "behavior_disagreement": {
          "n": 20,
          "mean": 0.007700000000000007,
          "std": 0.0023043437243605845,
          "median": 0.008000000000000007,
          "q05": 0.0040000000000000036,
          "q25": 0.006000000000000005,
          "q75": 0.008500000000000008,
          "q95": 0.01200000000000001,
          "min": 0.0040000000000000036,
          "max": 0.01200000000000001,
          "iqr": 0.0025000000000000022
        },
        "text_exact_match": {
          "n": 20,
          "mean": 0.9921,
          "std": 0.0025670995305986893,
          "median": 0.992,
          "q05": 0.9879,
          "q25": 0.99,
          "q75": 0.994,
          "q95": 0.996,
          "min": 0.986,
          "max": 0.996,
          "iqr": 0.0040000000000000036
        }
      },
      "gsm8k": {
        "delta_pp": {
          "n": 20,
          "mean": -2.330000000000002,
          "std": 0.8031811750782019,
          "median": -2.200000000000002,
          "q05": -3.420000000000003,
          "q25": -3.200000000000003,
          "q75": -1.8000000000000016,
          "q95": -1.1900000000000008,
          "min": -3.8000000000000034,
          "max": -1.0000000000000009,
          "iqr": 1.4000000000000012
        },
        "behavior_disagreement": {
          "n": 20,
          "mean": 0.09009999999999997,
          "std": 0.009283856957105712,
          "median": 0.08999999999999997,
          "q05": 0.07959999999999996,
          "q25": 0.08399999999999996,
          "q75": 0.09649999999999997,
          "q95": 0.10069999999999998,
          "min": 0.07199999999999995,
          "max": 0.11399999999999999,
          "iqr": 0.012500000000000011
        },
        "text_exact_match": {
          "n": 20,
          "mean": 0.3156,
          "std": 0.013951344021276242,
          "median": 0.315,
          "q05": 0.2976,
          "q25": 0.304,
          "q75": 0.327,
          "q95": 0.3341,
          "min": 0.29,
          "max": 0.336,
          "iqr": 0.02300000000000002
        }
      },
      "ceval": {
        "delta_pp": {
          "n": 20,
          "mean": 0.20000000000000018,
          "std": 0.17888543819998334,
          "median": 0.20000000000000018,
          "q05": -0.010000000000000009,
          "q25": 0.0,
          "q75": 0.40000000000000036,
          "q95": 0.40000000000000036,
          "min": -0.20000000000000018,
          "max": 0.40000000000000036,
          "iqr": 0.40000000000000036
        },
        "behavior_disagreement": {
          "n": 20,
          "mean": 0.0038000000000000035,
          "std": 0.0012489995996796807,
          "median": 0.0040000000000000036,
          "q05": 0.0020000000000000018,
          "q25": 0.003500000000000003,
          "q75": 0.0040000000000000036,
          "q95": 0.006000000000000005,
          "min": 0.0020000000000000018,
          "max": 0.006000000000000005,
          "iqr": 0.0005000000000000004
        },
        "text_exact_match": {
          "n": 20,
          "mean": 0.9958,
          "std": 0.001536229149573723,
          "median": 0.996,
          "q05": 0.994,
          "q25": 0.994,
          "q75": 0.9964999999999999,
          "q95": 0.998,
          "min": 0.994,
          "max": 0.998,
          "iqr": 0.0024999999999999467
        }
      },
      "cmmlu": {
        "delta_pp": {
          "n": 20,
          "mean": -0.5700000000000005,
          "std": 0.2123676058159532,
          "median": -0.6000000000000005,
          "q05": -0.8000000000000007,
          "q25": -0.8000000000000007,
          "q75": -0.40000000000000036,
          "q95": -0.19000000000000003,
          "min": -0.8000000000000007,
          "max": 0.0,
          "iqr": 0.40000000000000036
        },
        "behavior_disagreement": {
          "n": 20,
          "mean": 0.008100000000000007,
          "std": 0.0025670995305986893,
          "median": 0.008000000000000007,
          "q05": 0.005900000000000005,
          "q25": 0.006000000000000005,
          "q75": 0.008500000000000008,
          "q95": 0.012200000000000013,
          "min": 0.0040000000000000036,
          "max": 0.016000000000000014,
          "iqr": 0.0025000000000000022
        },
        "text_exact_match": {
          "n": 20,
          "mean": 0.9889,
          "std": 0.002487971060924948,
          "median": 0.989,
          "q05": 0.9858,
          "q25": 0.988,
          "q75": 0.99,
          "q95": 0.9921,
          "min": 0.982,
          "max": 0.994,
          "iqr": 0.0020000000000000018
        }
      },
      "humaneval_plus": {
        "delta_pp": {
          "n": 20,
          "mean": -1.7073170731707261,
          "std": 0.8089328756964357,
          "median": -1.8292682926829174,
          "q05": -3.0487804878048697,
          "q25": -1.9817073170731614,
          "q75": -1.2195121951219523,
          "q95": -0.5487804878048776,
          "min": -3.0487804878048697,
          "max": 0.6097560975609762,
          "iqr": 0.7621951219512091
        },
        "behavior_disagreement": {
          "n": 20,
          "mean": 0.03170731707317076,
          "std": 0.006567274155042084,
          "median": 0.030487804878048808,
          "q05": 0.024085365853658558,
          "q25": 0.028963414634146367,
          "q75": 0.03658536585365857,
          "q95": 0.04268292682926833,
          "min": 0.018292682926829285,
          "max": 0.04268292682926833,
          "iqr": 0.007621951219512202
        },
        "text_exact_match": {
          "n": 20,
          "mean": 0.6777439024390244,
          "std": 0.019595382883196816,
          "median": 0.6859756097560976,
          "q05": 0.6402439024390244,
          "q25": 0.663109756097561,
          "q75": 0.6890243902439024,
          "q95": 0.7018292682926829,
          "min": 0.6402439024390244,
          "max": 0.7134146341463414,
          "iqr": 0.02591463414634143
        }
      },
      "mbpp_plus": {
        "delta_pp": {
          "n": 20,
          "mean": -0.37037037037037257,
          "std": 0.56368454372123,
          "median": -0.5291005291005346,
          "q05": -1.0582010582010581,
          "q25": -0.7936507936507908,
          "q75": 0.06613756613756683,
          "q95": 0.5423280423280371,
          "min": -1.0582010582010581,
          "max": 0.7936507936507908,
          "iqr": 0.8597883597883577
        },
        "behavior_disagreement": {
          "n": 20,
          "mean": 0.019312169312169336,
          "std": 0.0058020402644077575,
          "median": 0.021164021164021163,
          "q05": 0.0078042328042327806,
          "q25": 0.015873015873015928,
          "q75": 0.023809523809523836,
          "q95": 0.02645502645502651,
          "min": 0.005291005291005346,
          "max": 0.02645502645502651,
          "iqr": 0.007936507936507908
        },
        "text_exact_match": {
          "n": 20,
          "mean": 0.7440476190476191,
          "std": 0.019438144608074834,
          "median": 0.7394179894179894,
          "q05": 0.7219576719576719,
          "q25": 0.7294973544973544,
          "q75": 0.7559523809523809,
          "q95": 0.7732804232804232,
          "min": 0.716931216931217,
          "max": 0.7883597883597884,