{
  "spearman_rho": 0.5952380952380953,
  "pvalue": 0.11952980613879269,
  "n_anchors": 8
}